ID,Language_ID,Headword,Part_Of_Speech,Entry_IDs,Homonym,Media_IDs,comment,comment_french
-a-,xed,-a-,gram,,,,"inserted after the first consonant of the verbal root, codes plurality of the object, plurality of the intransitive subject, or plurality of the event","insérée après la première consonne de la racine verbale, encode la pluralité de l’objet, la pluralité du sujet intransitif ou la pluralité de l’événement"
LX000001,xed,bə̀rzlà,v unsp,,,,,
LX000002,xed,bə̀rzlà-kú,vn,,,,,
LX000003,xed,bgə̀,n,,,,,
LX000004,xed,bgìnì,n,,,,,
LX000005,xed,ɓlà,v.tr,,,,transitive only,
LX000006,xed,ɓl-ú-ɓlà,v,,,,,
LX000007,xed,ɓl-í-ɗí-m-ɓlà,v.tr,,,,,
LX000008,xed,blàházà,n,,,,,
LX000009,xed,blèkwí,n,,,,,
LX000010,xed,ɓl-í-n-ɓlà,v,,,,,
LX000011,xed,ɓl-íŋ-ɓlà,v.tr,,,,,
LX000012,xed,ɓlíŋɓlà,v,,,,,
LX000013,xed,ɓlèví,n,,,,,
LX000014,xed,ɓlèvìzíŋ,n,,,,,
LX000015,xed,brá,n,,,,,
LX000016,xed,ɓxà,v.intr,,,,,
LX000017,xed,bzlèghwà,n,,,,,
LX000018,xed,bà,v.tr,,,,,
LX000019,xed,bá,conj,,,,,
LX000020,xed,ɓá,gram,,,,,
LX000021,xed,bàbàlá,n,,,,,
LX000022,xed,ɓáɓàx,n,,,,,
LX000023,xed,bádzá,v unsp,,,,Variant: ɓádzá,
LX000024,xed,ɓádzá,v unsp,,,,,
LX000025,xed,bàdzàgà,n,,,,,
LX000026,xed,búɗá,n,,,,,
LX000027,xed,bàɗú,n,,,,,
LX000028,xed,ɓìdá,n,,,,,
LX000029,xed,bìdìrwísà,n,,,,,
LX000030,xed,bághá,v.intr,,,,,
LX000031,xed,bághákú,vn,,,,,
LX000032,xed,búkwá,v unsp,,,,,
LX000033,xed,búkwá,vn,,,,,
LX000034,xed,búkwá-f-búkwá,v,,,,,
LX000035,xed,bùkwá'à,n,,,,,
LX000036,xed,bèkúlá,n,,,,,
LX000037,xed,ɓálá,n,,,,,
LX000038,xed,bà-n-bà,v,,,,,
LX000039,xed,ɓángàl,n,,,,,
LX000040,xed,búnà,n,,,,there is no separate name for the upper grinding stone,
LX000041,xed,bà-ná-f-bà,v,,,,,
LX000042,xed,ɓàràká,v,,,,,
LX000043,xed,ɓàsá,v,,,,,
LX000044,xed,ɓáts,adv,,,,,
LX000045,xed,bátá mákwà,v,,,,,
LX000046,xed,ɓézdà,v unsp,,,,,
LX000047,xed,bézlá,v.tr,,,,,
LX000048,xed,bízì,n,,,,,
LX000049,xed,də́blə́m,n,,,,,
LX000050,xed,də̀ɗə̀m,n,,,,,
LX000051,xed,də̀ɗàkú,vn,,,,,
LX000052,xed,ɗə̀ghwán,n,,,,,
LX000053,xed,də̀ŋ,n,,,,,
LX000054,xed,də́r,adv,,,,,
LX000055,xed,də̀r,adv,,,,,
LX000056,xed,də́rmə́k,num,,,,,
LX000057,xed,də̀rmùk,num,,,,,
LX000058,xed,də̀rmùk xìs,num,,,,,
LX000059,xed,də́rŋə́zl,adj,,,,,
LX000060,xed,də̀ʼár,n,,,,,
LX000061,xed,ɗghwáná,adj,,,,,
LX000062,xed,ɗghá,n,,,,,
LX000063,xed,ɗghá mblám,n,,,,The function of ɗghá mblám can be acquired through inheritance or learning. They do not make iron products nor do they touch corpses. One can marry the daughter of 'ɗghá mblám'.,La fonction peut être acquise par héritage ou par apprentissage. Cette catégorie de forgerons ne travaille pas le fer et ne touche pas les cadavres. On peut épouser leurs filles.
LX000064,xed,ɗghá mbúzlá,n,,,,There is no intermarriage between ɗghá mbúzlá and the rest of the population. The function of ɗghá mbúzlá is transmitted through inheritance,Il n’y a pas d’intermariage entre lui et le reste de la population. Sa fonction est héréditaire.
LX000065,xed,dghàɗú,vn,,,,,
LX000066,xed,dghàɗá,v,,,,,
LX000067,xed,dgà,v unsp,,,,,
LX000068,xed,ɗgú,vn,,,,,
LX000069,xed,ɗgá,v,,,,,
LX000070,xed,dlékwèkwér,n,,,,,
LX000071,xed,dmá,v.intr,,,,,
LX000072,xed,dmákú,vn,,,,,
LX000073,xed,doghwvízìk,n,,,,,
LX000074,xed,drə̀f,n,,,,,
LX000075,xed,drá,v.tr,,,,,
LX000076,xed,drà,n,,,,,
LX000077,xed,drék,adj,,,,,
LX000078,xed,drákú,vn,,,,,
LX000079,xed,drám,n,,,,,
LX000080,xed,drìzí’w,n,,,,,
dukwa,xed,dukwa,np,,,,,
LX000081,xed,dvù,n,,,,,
LX000082,xed,dvà,v unsp,,,,,
LX000083,xed,dvá,adj,,,,,
LX000084,xed,ɗvú,n,,,,,
LX000085,xed,ɗvá,v,,,,,
LX000086,xed,ɗwàk,n,,,,,
LX000087,xed,ɗyákú,vn,,,,,
dzemere,xed,dzemere,np,,,,,
LX000088,xed,dzə́r,n,,,,,
LX000089,xed,dzə̀rkú,vn,,,,,
LX000090,xed,dzghə́ŋ,n,,,,,
LX000091,xed,dzghà,v,,,,,
LX000092,xed,dzghù,vn,,,,,
LX000093,xed,dzgú,vn,,,,,
LX000094,xed,dzrə̀kú,vn,,,,,
LX000095,xed,dzrà,v.intr,,,,,
LX000096,xed,dzrù,n,,,,,
LX000097,xed,dzràkú,vn,,,,,
dzugw-,xed,dzugw-,v,,,,,
LX000098,xed,dzugú,vn,,,,,
LX000099,xed,dzvú,n,,,,,
LX000100,xed,dzwíɗà,v,,,,,
LX000101,xed,dzà,v.tr,,,,when a person is the object the verb takes source extension 'u',"quand l’objet du verbe est une personne, le verbe prend une extension de provenance 'u'"
LX000102,xed,dzà,v.tr,,,,see also 'jà',
LX000103,xed,dzáɓá,n,,,,,
LX000104,xed,dzáɓà,v.tr,,,,"these defenses are never physical, have no material form, the person who has such a defense is believed to be immune to attacks by knife, axe, etc.","Cette protection n’est jamais de nature matérielle, la personne qui en est dotée est réputée à l’abri des attaques à l’arme blanche"
LX000105,xed,dzáɓà tá skwì,n,,,,,
LX000106,xed,dzàɓátà,v,,,,,
LX000107,xed,dzìdzríŋ,n,,,,,
LX000108,xed,dzìdzí,n,,,,,
LX000109,xed,dzà-dzà,v,,,,,
LX000110,xed,dzìdzí mádzák,n,,,,,
LX000111,xed,dzìɗíkw,n,,,,,
LX000112,xed,dzàftà,v,,,,,
LX000113,xed,dzághà,n,,,,,
LX000114,xed,dzùgví,n,,,,,
LX000115,xed,dzàgwlàmà,n,,,,,
LX000116,xed,dzègwí,n,,,,,
LX000117,xed,dzàgwáy,v.tr,,,,,
LX000118,xed,dzúgà,n,,,,,
LX000119,xed,dzà-gá-f-dzà,v.tr,,,,,
LX000120,xed,dzúl,n,,,,,
LX000121,xed,dzúlá,n,,,,,
LX000122,xed,dzàlà,n,,,,,
LX000123,xed,dzàmdzà,v,,,,,
LX000124,xed,dzà-m-dzà,v,,,,,
LX000125,xed,dzémkày’,n,,,,,
LX000126,xed,dzúmnà,n,,,,,
LX000127,xed,dzúmá,n,,,,,
LX000128,xed,dzèmèrè,np,,,,,
LX000129,xed,dzàŋ,n,,,,,
LX000130,xed,dzíndàr,n,,,,,
LX000131,xed,dzéní,n,,,,,
LX000132,xed,dzáŋá,n,,,,,
LX000133,xed,dzànághádzà,v,,,,,
LX000134,xed,dzà-ná-ghá-dzà,v,,,,,
LX000135,xed,dzǝ̀vú,n,,,,,
LX000136,xed,dzáwá,v,,,,,
LX000137,xed,dzáwá-dzáwá,v,,,,,
LX000138,xed,dzáw-áy,v,,,,,
LX000139,xed,dzáw’á,n,,,,,
LX000140,xed,dzàxú,vn,,,,,
LX000141,xed,dzàxá,v.tr,,,,,
LX000142,xed,dzàxáŋàl,n,,,,,
LX000143,xed,dz-ày,v.tr,,,,,
LX000144,xed,dzàzlày,n,,,,,
LX000145,xed,dzà’á,n,,,,,
LX000146,xed,dzà’á,other,,,,,
LX000147,xed,dzà’á,v.intr,,,,,
LX000148,xed,dzà’á lmú,v,,,,,
LX000149,xed,dzà’á mìstá ní,v,,,,,
LX000150,xed,dà,v.intr/tr,,,,,
LX000151,xed,dá,n,,,,,
LX000152,xed,dà,prep,,,,,
LX000153,xed,dá,gram,,,,,
LX000154,xed,dà,prep,,,,to; from; used with inherently non-locative complements,de; à; s’emploie seulement avec un complément intrinsèquement non locatif
LX000155,xed,dá,prep,,,,to; from; used with inherently locative complements,à; de; employée avec les compléments intrinsèquement locatifs
LX000156,xed,dá,prep,,,,,
LX000157,xed,dé,adv,,,,,
LX000158,xed,-ɗá,pron,,,,,
LX000159,xed,dì stá,prep,,,,,
LX000160,xed,díɓ tghà,n,,,,,
LX000161,xed,dàbbrà,n,,,,,
LX000162,xed,dàɓí,n,,,,,
LX000163,xed,d-ù-dà,v,,,,,
LX000164,xed,dàdá,n,,,,,
LX000165,xed,dì-dà,prep,,,,,
LX000166,xed,dà-dà,v,,,,,
LX000167,xed,dǝ́ɗà,v,,,,,
LX000168,xed,dàɗúwì,n,,,,,
LX000169,xed,ɗàfá,n,,,,,
LX000170,xed,ɗífà,v unsp,,,,,
LX000171,xed,ɗífá,np,,,,,
LX000172,xed,ɗàfá lkùvák,n,,,,,
LX000173,xed,ɗàfá vàɡhú,n,,,,,
LX000174,xed,ɗàfá vàɡhú,n,,,,,
LX000175,xed,ɗífá-kù,vn,,,,,
LX000176,xed,dèghwdéghw,n,,,,,
LX000177,xed,dúghwrúk,n,,,,,
LX000178,xed,dòghwvízìk,n,,,,,
LX000179,xed,dàghwzàlà,n,,,,,
LX000180,xed,dùghwzùlà kúkù,n,,,,,
LX000181,xed,ɗùghwánà,n,,,,,
LX000182,xed,ɗùghwánà,vn,,,,,
LX000183,xed,ɗùghwáná wà,v,,,,,
LX000184,xed,dà-ghá-dà,v,,,,,
LX000185,xed,ɗùghús,n,,,,,
LX000186,xed,dúglulúm,num,,,,,
LX000187,xed,dúglúlúm,num,,,,,
LX000188,xed,dàgwàmbèzá,n,,,,,
LX000189,xed,dàgà,prep,,,,,
LX000190,xed,ɗágà,n,,,,,
LX000191,xed,ɗágàkú,vn,,,,,
LX000192,xed,dágálá,adj,,,,,
LX000193,xed,dúgùm,n,,,,,
LX000194,xed,dígìr,n,,,,,
LX000195,xed,ɗék ɗék,adv,,,,,
LX000196,xed,dà-k-dà,v,,,,,
LX000197,xed,dèkw,adj,,,,,
LX000198,xed,dèkwá,adj,,,,,
LX000199,xed,dúkwá,v,,,,takes associative extension to mark the object of awareness,prend l’extension associative pour marquer l’objet de la prise de conscience
LX000200,xed,dèkwà,n,,,,,
LX000201,xed,dúkwà,np,,,,,
LX000202,xed,dúlvghá,n,,,,,
LX000203,xed,dálà,v,,,,,
LX000204,xed,dàlà,n,,,,,
LX000205,xed,dúlí,n,,,,,
LX000206,xed,ɗàlí,n,,,,,
LX000207,xed,dúlá krámásá,n,,,,,
LX000208,xed,dúlá tàbà,n,,,,,
LX000209,xed,dàlàgàr,n,,,,,
LX000210,xed,ɗèlèwèr,n,,,,,
LX000211,xed,dím dím,quant,,,,,
LX000212,xed,dúmbu’,num,,,,,
LX000213,xed,dúmbì,n,,,,,
LX000214,xed,dìmbìkw,n,,,,,
LX000215,xed,démdém,quant,,,,,
LX000216,xed,dúŋ,subord,,,,,
LX000217,xed,ɗíŋ,n,,,,,
LX000218,xed,díngà,v.tr,,,,,
LX000219,xed,ɗáŋwà,n,,,,,
LX000220,xed,dà-ná-dà,v,,,,,
LX000221,xed,dèrí,n,,,,,
LX000222,xed,dìskívà,n,,,,,
LX000223,xed,dùssúm,n,,,,,
LX000224,xed,dàsú,n,,,,,
LX000225,xed,dùsík,n,,,,Viverra civetta Schreber,
LX000226,xed,dúvúl,n,,,,,
LX000227,xed,dùvúl,n,,,,,
LX000228,xed,ɗáwá,v,,,,the direct object of the verb is the thing asked not the addressee,l’objet direct du verbe est la chose demandée et non la personne à qui on la demande
LX000229,xed,ɗáwú,vn,,,,,
LX000230,xed,ɗáwá gwáɗá,v,,,,,
LX000231,xed,ɗáw-ú-ɗáwá,v,,,,,
LX000232,xed,ɗáwákú,vn,,,,,
LX000233,xed,ɗáwá-ná-ɗáwá,v.tr,,,,,
LX000234,xed,ɗáwá-ná-f-ɗáwá,v,,,,,
LX000235,xed,ɗáwà-ná-gh-w-ɗáwà,v,,,,,
LX000236,xed,ɗáwá-ná-ghá-ɗáwá,v,,,,,
LX000237,xed,dùxwál,n,,,,,
LX000238,xed,ɗáxà,n,,,,,
LX000239,xed,ɗáxá,v.tr,,,,,
LX000240,xed,ɗíxá,v.tr,,,,,
LX000241,xed,ɗáxàwú,n,,,,,
LX000242,xed,déydéy,adv,,,,,
LX000243,xed,ɗìyá,v.intr,,,,,
LX000244,xed,ɗìyàk,n,,,,,
LX000245,xed,dèzlí,n,,,,,
LX000246,xed,dúzlá,n,,,,,
LX000247,xed,dì’íŋ,adv,,,,,
LX000248,xed,fsə̀k,n,,,,,
LX000249,xed,fsà,v,,,,,
LX000250,xed,fsù,n,,,,,
LX000251,xed,fsígwìl,n,,,,,
LX000252,xed,fwá,v.intr/tr,,,,,
LX000253,xed,fwá drám,n,,,,,
LX000254,xed,fwá màtràbáhlà’w,n,,,,,
LX000255,xed,fwá mìtítkwìɗ,n,,,,,
LX000256,xed,fwá ndìzíkwà,n,,,,,
LX000257,xed,fwá zgì,n,,,,,
LX000258,xed,fá,v.tr,,,,,
LX000259,xed,fú,n,,,,,
LX000260,xed,fú,n,,,,,
LX000261,xed,fá (tá) láhà,v,,,,,
LX000262,xed,fáɗá,v,,,,,
LX000263,xed,fìɗí,n,,,,,
LX000264,xed,fáɗá,v.tr,,,,,
LX000265,xed,fìɗá,v,,,,,
LX000266,xed,fúɗàkú,vn,,,,,
LX000267,xed,fáfà,v.tr,,,,,
LX000268,xed,fùfúrì,n,,,,,
LX000269,xed,fàgáfà,v,,,,,
LX000270,xed,fàlák,n,,,,,
LX000271,xed,fànfán,n,,,,,
LX000272,xed,fánágháfá,v,,,,,
LX000273,xed,fút,n,,,,,
LX000274,xed,fìtík,n,,,,,
LX000275,xed,fáváfá,v,,,,,
LX000276,xed,fíwá,n,,,,,
LX000277,xed,gɗérì,n,,,,,
LX000278,xed,gə̀gdá,v.tr,,,,,
LX000279,xed,gə̀má,v.intr,,,,,
LX000280,xed,gə̀rháŋ,n,,,,,
LX000281,xed,ghdzə̀ŋə́r,n,,,,,
LX000282,xed,ghdzà’ùàlá gwàsí,n,,,,,
LX000283,xed,ghə́ŋ,n,,,,,
LX000284,xed,ghə́ŋ-à,prep,,,,comes from the expression 'head-gen',
LX000285,xed,ghə́rbú’,n,,,,,
LX000286,xed,ghə̀rdí,n,,,,,
LX000287,xed,ghə̀rvə̀nà’àkú,vn,,,,,
LX000288,xed,ghə̀rzlá,n,,,,,
LX000289,xed,ghlághlá,n,,1,,,
LX000290,xed,ghlághlá,v,,2,,,
LX000291,xed,ghrúm,n,,,,,
LX000292,xed,ghwá,n,,,,,
LX000293,xed,ghwà,n,,,,,
LX000294,xed,ghwà,v,,,,,
LX000295,xed,ghwáɗák,adj,,,,,
LX000296,xed,ghwàɗàkà,np,,,,,
LX000297,xed,ghwághù,v,,,,,
LX000298,xed,ghwálá,v.intr/tr,,,,,
LX000299,xed,ghwálákú,vn,,,,,
LX000300,xed,ghwàlíŋwà,n,,,,,
LX000301,xed,ghwán,num,,,,,
LX000302,xed,ghwáŋ,num,,,,,
LX000303,xed,ghwáŋ ndá,num,,,,,
LX000304,xed,ghwáŋ ndá hùtáf,num,,,,,
LX000305,xed,ghwáŋ ndá ndéŋ,num,,,,,
LX000306,xed,ghwàndàlá,n,,,,,
LX000307,xed,ghwání,n,,,,,
LX000308,xed,ghwáná ngwɗìdár,n,,,,,
LX000309,xed,ghwànáfghwà,v.tr,,,,,
LX000310,xed,ghwànák,n,,,,,
LX000311,xed,ghwàrèkwá,n,,,,,
LX000312,xed,ghwàvíɗ,n,,,,,
LX000313,xed,ghwàvíɗá gù,n,,,,,
LX000314,xed,ghwáyák,n,,,,,
LX000315,xed,ghwàzíkw,n,,,,,
LX000316,xed,ghwázím,n,,,,,
LX000317,xed,ghwßìhlá,n,,,,,
LX000318,xed,ghzlə́ŋ,n,,,,,
LX000319,xed,ghzlà,n,,,,,
LX000320,xed,ghzlá,v,,,,,
LX000321,xed,ghù,vn,,,,,
LX000322,xed,ghá,pron,,,,,
LX000323,xed,-ghà,gram,,,,,
LX000324,xed,ghà ghrú,vn,,,,,
LX000325,xed,ghàbà,n,,,,,
LX000326,xed,ghùɓù,n,,,,,
LX000327,xed,ghùɓá,v.tr,,,,"cannot be used with human beings, or animals washing themselves","ne peut s’employer pour “se laver” (humains, animaux)"
LX000328,xed,ghùɓìhlá,n,,,,,
LX000329,xed,ghóbásá,v,,,,,
LX000330,xed,ghùɓású,vn,,,,,
LX000331,xed,ghùɓàsá,v.intr,,,,,
LX000332,xed,ghódzì,n,,,,,
LX000333,xed,ghùdzá,v.tr,,,,,
LX000334,xed,ghùdzàɓ,n,,,,,
LX000335,xed,ghùdzìf,n,,,,,
LX000336,xed,ghàdìgír,n,,,,,
LX000337,xed,ghèghéɗ,n,,,,,
LX000338,xed,ghúlpá,v.intr,,,,,
LX000339,xed,ghúlpá-kú,vn,,,,,
LX000340,xed,ghúlví,n,,,,,
LX000341,xed,ghàlyá,adv,,,,,
LX000342,xed,ghálá,v.tr,,,,,
LX000343,xed,ghálí,n,,,,,
LX000344,xed,ghálú,vn,,,,,
LX000345,xed,ghàlíyá,n,,,,,
LX000346,xed,ghàmbákèɗ,n,,,,,
LX000347,xed,ghùmbáŋ,n,,,,,
LX000348,xed,ghàmbázlígír,n,,,,,
LX000349,xed,ghúmá,n,,,,,
LX000350,xed,ghúméy’á bìsár,n,,,,,
LX000351,xed,ghúndíz,n,,,,,
LX000352,xed,ghúní,pron,,,,,
LX000353,xed,ghùnà,v,,,,,
LX000354,xed,ghùnú,n,,,,,
LX000355,xed,ghǝ́ŋà ɗàfá,n,,,,,
LX000356,xed,ghùrzlí ká pákáw’,n,,,,kwàcèrì or kòmcèrì: ‘shell of snails’,
LX000357,xed,ghùrzlík,n,,,,,
LX000358,xed,ghùràfá gù,n,,,,,
LX000359,xed,ghùràfá hlà,n,,,,,
LX000360,xed,ghùràfá mádègɗà,n,,,,,
LX000361,xed,ghùràfá slà,n,,,,,
LX000362,xed,ghùràfá sùdí,n,,,,,
LX000363,xed,ghùrúm,n,,,,,
LX000364,xed,ghàtálàkw,n,,,,,
LX000365,xed,ghàtálàkwá hlà,n,,,,,
LX000366,xed,ghàtálàkwá lázgláftà,n,,,,,
LX000367,xed,ghúvì,n,,,,,
LX000368,xed,ghúv-à zwáŋ,n,,,,,
LX000369,xed,ghùvázú,n,,,,,
LX000370,xed,ghùvàzú,n,,,,,
LX000371,xed,ghúyá,v unsp,,,,,
LX000372,xed,ghúyákú,n,,,,,
LX000373,xed,ghàzlə̀glà,n,,,,,
LX000374,xed,ghàzlə́rkà,n,,,,used to make sauces,
LX000375,xed,ghùzú,n,,,,,
LX000376,xed,ghùzáɗìyàk,n,,,,,
LX000377,xed,ghúálá,v.intr,,,,intransitive only,
LX000378,xed,ghúálá-kw,vn,,,,,
LX000379,xed,ghùáŋ,quant,,,,,
LX000380,xed,glá,v unsp,,,,,
LX000381,xed,glífìn,n,,,,,
LX000382,xed,glégànzí,n,,,,,
LX000383,xed,grə̀ndày’,n,,,,,
LX000384,xed,grà,v.tr,,,,,
LX000385,xed,grá,n,,,,,
LX000386,xed,gwyákú,vn,,,,,
LX000387,xed,gwédzégwédzá,n,,,,,
LX000388,xed,gwàdzègwèr,n,,,,,
LX000389,xed,gwàdzègwèr,n,,,,,
LX000390,xed,gwádzáŋ,n,,,,,
LX000391,xed,gwàɗá,v,,,,this verb cannot have an object or an addressee,ce verbe ne peut avoir ni objet ni destinataire
LX000392,xed,gwàɗá,n,,,,,
LX000393,xed,gwàdàgà,adv,,,,,
LX000394,xed,gwàdám,n,,,,,
LX000395,xed,gwìgwílà,n,,,,,
LX000396,xed,gwál,n,,,,,
LX000397,xed,gwál ráyá,n,,,,,
LX000398,xed,gwàlàmbá,n,,,,,
LX000399,xed,gwèrék,n,,,,,
LX000400,xed,gwárám,n,,,,,
LX000401,xed,gwàslàr,n,,,,,
LX000402,xed,gwàtà,n,,,,,
LX000403,xed,gwàvà,n,,,,,
LX000404,xed,gwì’yán,n,,,,,
LX000405,xed,gá,adv,,,,,
LX000406,xed,gà,prep,,,,,
LX000407,xed,gá,v.tr,,,,,
LX000408,xed,gì,adv,,,,,
LX000409,xed,gù,n,,,,,
LX000410,xed,gá krì,v.tr,,,,,
LX000411,xed,gá mútá,v.tr,,,,,
LX000412,xed,gí rvíɗìk,n,,,,,
LX000413,xed,gá zgú,v,LX001544,,,,
LX000414,xed,gùɓá,v.tr,,,,,
LX000415,xed,gádghə́l,n,,,,,
LX000416,xed,gádzágádzá,n,,,,,
LX000417,xed,gìdzàgìdzà,n,,,,,
LX000418,xed,gídzàlá,n,,,,,
LX000419,xed,gàdzèrkwàghí,n,,,,,
LX000420,xed,gídzá’w,n,,,,,
LX000421,xed,gídídíŋ,adj,,,,,
LX000422,xed,gúɗúk,adj,,,,,
LX000423,xed,gúɗúk,adv,,,,,
LX000424,xed,gòɗá-ná-gòɗá,v,,,,,
LX000425,xed,gúdús,n,,,,,
LX000426,xed,gáfgàl,n,,,,,
LX000427,xed,gìgrà,v,,,,,
LX000428,xed,gùgwílà,n,,,,,
LX000429,xed,gùgzl úm,n,,,,,
LX000430,xed,gígzláx,n,,,,,
LX000431,xed,gàgà,n,,,,,
LX000432,xed,gùgúɗú,n,,,,,
LX000433,xed,gìgìɗá,v unsp,,,,,
LX000434,xed,gìgìɗákú,vn,,,,,
LX000435,xed,gìgímzlá,n,,,,,
LX000436,xed,gùgúrà,n,,,,,
LX000437,xed,gàhlá,n,,,,,
LX000438,xed,gúlí,adv,,,,,
LX000439,xed,gùlú,np,,,,,
LX000440,xed,gám,n,,,,,
LX000441,xed,gàmàk,n,,,,,
LX000442,xed,gáŋ,n,,,,,
LX000443,xed,gòngòn,n,,,,,
LX000444,xed,gànú,n,,,,,
LX000445,xed,gúná,v unsp,,,,,
LX000446,xed,gàná,v.intr,,,,,
LX000447,xed,gá-ná-ghá-gá,v,,,,,
LX000448,xed,gùpà,n,,,,,
LX000449,xed,gásá,n,,,,,
LX000450,xed,gùsúɗà,n,,,,,
LX000451,xed,gàtsá,v.tr,,,,,
LX000452,xed,gàtsàtsà,n,,,,,
LX000453,xed,gátváyà,n,,,,,
LX000454,xed,gàtú,n,,,,,
LX000455,xed,gítà,n,,,,,
LX000456,xed,gávlì,np,,,,,
LX000457,xed,gàvú,n,,,,,
LX000458,xed,gàvàkú,vn,,,,,
LX000459,xed,gùvúr,n,,,,,
LX000460,xed,gúyá,v,,,,,
LX000461,xed,gàyà,n,,,,,
LX000462,xed,gàzlə̀mpày’,n,,,,,
LX000463,xed,gàzlú,n,,,,,
LX000464,xed,gàzlú,n,,,,the name comes from the fact that when they move they move all together,son nom vient du fait qu’il se déplace en groupe
LX000465,xed,gàzlá,v.intr,,,,,
LX000466,xed,gázéngèl,n,,,,,
LX000467,xed,hgá,n,,,,,
LX000468,xed,hgà,v,,,,,
LX000469,xed,hldrá,v,,,,,
LX000470,xed,hlə̀gə̀,vn,,,,,
LX000471,xed,hlə̀gà,v.tr,,,,,
LX000472,xed,hlə́rpú,n,,,,,
LX000473,xed,hlə́vdà,n,,,,,
LX000474,xed,hlə̀vá,v.tr,,,,,
LX000475,xed,hlə̀vú,vn,,,,,
LX000476,xed,hlgà,v.tr,,,,,
LX000477,xed,hlgù,vn,,,,,
LX000478,xed,hlkèr,n,,,,,
LX000479,xed,hlmə́ŋ,n,,,,,
LX000480,xed,hlná,n,,,,,
LX000481,xed,hlpáɗà,n,,,,,
LX000482,xed,hlrá,v.tr,,,,,
LX000483,xed,hlrú,vn,,,,,
LX000484,xed,hlrá,adj,,,,,
LX000485,xed,hlrá,v,,,,,
LX000486,xed,hlrá,v.tr,,,,,
LX000487,xed,hlrú,v,,,,,
LX000488,xed,hlrákú,n,,,,,
LX000489,xed,hlxwá,n,,,,,
LX000490,xed,hlyànhlyà,v,,,,,
LX000491,xed,hlà,v.intr,,,,,
LX000492,xed,hlà,n,,,,,
LX000493,xed,hlà drà,n,,,,,
LX000494,xed,hládá,v.intr,,,,,
LX000495,xed,hládú,n,,,,,
LX000496,xed,hládá,v,,,,,
LX000497,xed,hlàɗá,v.tr,,,,,
LX000498,xed,hládáhládá,v,,,,,
LX000499,xed,hlìɗákw,n,,,,,
LX000500,xed,hlùghúl,n,,,,,
LX000501,xed,hlìglá,v.tr,,,,,
LX000502,xed,hlìglú,vn,,,,,
LX000503,xed,hlìhlík,n,,,,"In a Hdi tradition, a young girl, between puberty and giving first birth was not allowed to eat chicken or any other fowl or birds","D’après une coutume hdi, la jeune fille, entre la puberté et son premier accouchement, n’avait le droit de manger ni poulet ni volaille, ni aucun autre oiseau"
LX000504,xed,hlùhlúrì,n,,,,,
LX000505,xed,hlákú,n,,,,,
LX000506,xed,hlàmbgá,n,,,,,
LX000507,xed,hlìngwá,v.intr,,,,,
LX000508,xed,hlìngwí,vn,,,,,
LX000509,xed,hlìŋwá,v,,,,,
LX000510,xed,hlíná,v.intr,,,,"about body only; cannot be used with respect to space, food","pour le corps seulement; ne peut s’employer pour le climat, éspace, la nourriture"
LX000511,xed,hlùríhlùrí,n,,,,,
LX000512,xed,hlìtílà,n,,,,,
LX000513,xed,hlèxá,adj,,,,,
LX000514,xed,hlú’wí,n,,,,,
LX000515,xed,hlí’yá,v.intr,,,,*hlí’yá- hlí’yá ungrammtical without an extension,*hlí’yá- hlí’yá agrammatical sans extension
LX000516,xed,hlí’í,v,,,,,
LX000517,xed,hlí’íŋ á ksúɓì,n,,,,,
LX000518,xed,hlú’úvghá,n,LX000514 ; LX001326,,,,
LX000519,xed,hpá ɗ-,v,,,,,
LX000520,xed,hpàɗá,v.tr,,,,,
LX000521,xed,hpèkwà,n,,,,,
LX000522,xed,hrfá,v unsp,,,,,
LX000523,xed,hvá-f-hvá,v,,,,,
LX000524,xed,hv-ú-hvá,v,,,,,
LX000525,xed,hv-ú-n-hvá,v,,,,,
LX000526,xed,hwlépété’,adj,,,,,
LX000527,xed,hwáyá,v.intr,,,,,
LX000528,xed,há,prep,,,,,
LX000529,xed,hà,v.intr/tr,,,,,
LX000530,xed,hábá,v.tr.pl,,,,,
LX000531,xed,húɗí,n,,,,,
LX000532,xed,húɗí,n,,,,,
LX000533,xed,hàghú,n,,,,,
LX000534,xed,hùlépété’,adj,,,,,
LX000535,xed,háláwáy’,n,,,,,
LX000536,xed,húl’úá,n,,,,,
LX000537,xed,háná,v.tr.pl,,,,,
LX000538,xed,hàní,v,,,,,
LX000539,xed,hànà-hànà,v.intr,,,,,
LX000540,xed,hùtáf,num,,,,,
LX000541,xed,hìzl,n,,,,,
LX000542,xed,hú’wá,v.tr,,,,,
LX000543,xed,hú’ú,v,,,,,
LX000544,xed,hí’ídá,v.tr,,,,,
-i,xed,-i,pron,,,,,
LX000545,xed,jà,v.tr,,,,,
LX000546,xed,já krámásá,v,,,,,
LX000547,xed,jíbìl,n,,,,,
LX000548,xed,jídzá,n,,,,,
LX000549,xed,jìdzà,n,,,,,
LX000550,xed,jíjì,n,,,,,
LX000551,xed,jíjí,n,LX000863,,,,
LX000552,xed,jìjì,n,,,,,
LX000553,xed,jík,v.intr,,,,intransitive only,
LX000554,xed,kɗá,n,,,,,
LX000555,xed,kɗà,v unsp,,,,,
LX000556,xed,kdáɗày,n,,,,,
LX000557,xed,kɗá-gh-w-kɗá,v,,,,,
LX000558,xed,kɗ-ú-kɗà,v,,,,,
LX000559,xed,kɗà-kú,vn,,,,,
LX000560,xed,kɗékéjèŋ,n,,,,,
LX000561,xed,kɗ-íŋ-kɗà,v,,,,,
LX000562,xed,kɗíŋá,v,,,,,
LX000563,xed,kɗà-ná-f-kɗà,v,,,,,
LX000564,xed,kɗíx,n,,,,,
LX000565,xed,kɗìxá mták,n,,,,,
LX000566,xed,kə̀də́kə̀də́k,n,,,,,
LX000567,xed,kə́l,subord,,,,,
LX000568,xed,kfúr,n,,,,,
LX000569,xed,khwá,v,,,,,
LX000570,xed,khwà,v unsp,,,,,
LX000571,xed,khwù,n,,,,,
LX000572,xed,klə́ŋ,n,,,,,
LX000573,xed,klə́xə́m,adj,,,,,
LX000574,xed,klá,v.tr,,,,,
LX000575,xed,klú,n,,,,,
LX000576,xed,klá mákwà,v,,,,,
LX000577,xed,klùgà,n,,,,,
LX000578,xed,kl-ú-klà,v,,,,,
LX000579,xed,klàkú,n,,,,,
LX000580,xed,klùlúx,n,,,,,
LX000581,xed,klá-m-klà,v,,,,,
LX000582,xed,klànághwklà,v,,,,,
LX000583,xed,klà-ná-gh-w-klà,v,,,,,
LX000584,xed,klá-ná-ghá-klá,v,,,,,
LX000585,xed,klà-ná-klà,v,,,,,
LX000586,xed,klá-p-klà,v,,,,,
LX000587,xed,klìpí,n,,,,,
LX000588,xed,klìwtír,n,,,,,
LX000589,xed,klíwíɗ,adj,,,,,
LX000590,xed,klìwíɗ,n,,,,,
koza,xed,koza,n,,,,,
LX000591,xed,krì,n,,,,,
LX000592,xed,krà mták,n,,,,,
LX000593,xed,krám,n,,,,,
LX000594,xed,krámásá,n,,,,,
LX000595,xed,krístàŋ,n,,,,,
LX000596,xed,ksá,v.tr,,,,pl. kásá,
LX000597,xed,ks-ú-ksà,v,,,,,
LX000598,xed,ksàl,n,,,,,
LX000599,xed,ksá-m-ksà,v,,,,,
LX000600,xed,ks-íŋ-ksà,v,,,,,
LX000601,xed,ksíŋksà,v,,,,,
LX000602,xed,ksá-ná-f-ksà,v,,,,,
LX000603,xed,ksí’í,n,,,,,
LX000604,xed,ksí’à,n,,,,infinitve: 'ksí’áy',
LX000605,xed,kvə́m,n,,,,,
LX000606,xed,kwɗìbízìm,n,,,,,
LX000607,xed,kwɗákà y,n,,,,,
LX000608,xed,kwɗúm,n,,,,,
LX000609,xed,kwɗítsím,n,,,,,
LX000610,xed,kwfúr,n,,,,,
LX000611,xed,kwlú,n,,,,,
LX000612,xed,kwlá xtsíŋ,n,,,,,
LX000613,xed,kwlítíŋ,n,,,,,
LX000614,xed,kwmà,n,,,,,
LX000615,xed,kwráßáhlá,n,,,,,
LX000616,xed,kwsíɗà,n,,,,,
LX000617,xed,kwvàt,n,,,,,
kwz-,xed,kwz-,v,,,,,
LX000618,xed,kwá,adv,,,,,
LX000619,xed,kwá,conj,,,,,
LX000620,xed,kwá də̀r,adv,,,,,
LX000621,xed,kwá də̀r wà-ní,adv,,,,,
LX000622,xed,kwá də̀r-gát-sí,adv,,,,,
LX000623,xed,kwá də̀r-wát-sí,adv,,,,,
LX000624,xed,kwà kùsà-mà-kú,v,,,,kwàkwàsà,
LX000625,xed,kwé sé bè,n,,,,,
LX000626,xed,kwá tá sí ìmí,n,,,,,
LX000627,xed,kwáβù,n,,,,,
LX000628,xed,kwíktá,v unsp,,,,,
LX000629,xed,kwòkùsà-mà-kú,vn,,,,,
LX000630,xed,kwál kwàl,n,,,,,
LX000631,xed,kwálá,v,,,,takes clausal complement,
LX000632,xed,kwílà,n,,,,,
LX000633,xed,kwálábá,n,,,,,
LX000634,xed,kwálághwtà,vn,,,,,
LX000635,xed,kwàmtsèrè,n,,,,,
LX000636,xed,kwás-,v,,,,,
LX000637,xed,kwás kwásá,n,,,,,
LX000638,xed,kwásá,v.tr,,,,,
LX000639,xed,kwésébè,n,,,,,
LX000640,xed,kwáts kwáts,n,,,,,
LX000641,xed,kwàtsá,n,,,,,
LX000642,xed,kwàtá ghə́ŋ,n,,,,,
LX000643,xed,kwítìkw,adj,,,,,
LX000644,xed,kwàzílgwà,n,,,,,
LX000645,xed,kwàzáxzàx,n,,,,,
LX000646,xed,kwáßù,n,,,,,
kzl-,xed,kzl-,v,,,,,
LX000647,xed,kzlù,n,,,,,
LX000648,xed,kzlà,v.intr,,,,reduplicated form without extensions is disallowed,la forme rédupliquée n’est pas autorisée sans extensions
LX000649,xed,kzlàkú,vn,,,,,
LX000650,xed,kà,prep,,,,,
LX000651,xed,kí,adv,,,,,
LX000652,xed,kó,conj,,,,,
LX000653,xed,ká,gram,,,,,
LX000654,xed,kà,gram,,,,,
LX000655,xed,kí,gram,,,,,
LX000656,xed,-kú,gram,,,,,
LX000657,xed,kí dà ghí,quant,,,,,
LX000658,xed,kà wák,adv,,,,,
LX000659,xed,kà xótxótà (xwátxwátà),adj,,,,,
LX000660,xed,ká ‘ú,n,,,,,
LX000661,xed,kàbgà,conj,,,,,
LX000662,xed,kóbò,n,,,,,
LX000663,xed,kòbàrà,n,,,,,
LX000664,xed,kùɗákày,n,,,,,
LX000665,xed,kúɗúm,n,,,,,
LX000666,xed,kàfày,n,,,,,
LX000667,xed,kághá,pron,,,,,
LX000668,xed,kúkwlá,n,,,,,
LX000669,xed,kàkí,adv,,,,,
LX000670,xed,kúkù,n,,,,,
LX000671,xed,kùl,prep,,,,,
LX000672,xed,kál-,v,,,,,
LX000673,xed,kálá,v.tr,,,,,
LX000674,xed,kàlímì,n,,,,,
LX000675,xed,kúlùŋ,n,,,,,
LX000676,xed,kúmbrà,n,,,,,
LX000677,xed,kúmtúr,n,,,,,
LX000678,xed,kúmà,v.tr,,,,can be used with human object but not in the reduplicated form,"peut s’employer avec un objet humain, mais pas à la forme rédupliquée"
LX000679,xed,kùmà,n,,,,,
LX000680,xed,kúmìyá,n,,,,,
LX000681,xed,"kùn, kùnì",gram,,,,,
LX000682,xed,kàpá,v.tr,,,,,
LX000683,xed,kàpú,n,,,,,
LX000684,xed,kúrzlà,v.tr,,,,,
LX000685,xed,kúrzlákú,vn,,,,,
LX000686,xed,kùráɓáhlá,n,,,,,
LX000687,xed,kùrúkù,adv,,,,,
LX000688,xed,káràm,n,,,,,
LX000689,xed,kásá,v.tr.pl,,,,,
LX000690,xed,kát-,v,,,,,
LX000691,xed,kátsíáwà,n,,,,,
LX000692,xed,kátú,vn,,,,,
LX000693,xed,kátá,v unsp,,,,,
LX000694,xed,kátá,v,,,,,
LX000695,xed,kítìkw,adj,,,,,
LX000696,xed,kùtùmbá pálà,n,,,,,
LX000697,xed,kávghà kávghà,adj,,,,,
LX000698,xed,kùwá,n,,,,,
LX000699,xed,káwày,adv,,,,,
LX000700,xed,kày,adv,,,,,
LX000701,xed,kày,interj,,,,,
LX000702,xed,káy,gram,,,,,
LX000703,xed,kày ná,adv,,,,,
LX000704,xed,kàyrá,adv,,,,,
LX000705,xed,kùzl-,v,,,,,
LX000706,xed,kùzlà,v,,,,,
LX000707,xed,kùzlàkú,vn,,,,,
LX000708,xed,kùzà,v.intr,,,,,
LX000709,xed,kàzàlgár,n,,,,,
LX000710,xed,kùzún,n,,,,,
LX000711,xed,kùzún-kùzún,adj,,,,,
LX000712,xed,kì’yá,adj,,,,,
LX000713,xed,ká’ù,n,,,,,
LX000714,xed,kù’úáxà,n,,,,,
LX000715,xed,lɓá,v.tr,,,,,
LX000716,xed,ldə́ŋ,n,,,,,
ldgh-,xed,ldgh-,v,,,,,
LX000717,xed,ldghà,v.tr,,,,,
LX000718,xed,ldá,v,,,,,
LX000719,xed,lə́m,v,,,,,
LX000720,xed,lə́má,v.tr,,,,,
LX000721,xed,lfíɗ,adj,,,,,
LX000722,xed,lfìɗ,n,,,,,
lgh-,xed,lgh-,v,,,,,
LX000723,xed,lghwún,n,,,,,
LX000724,xed,lghéɗ,n,,,,,
LX000725,xed,lgùt,n,,,,,
LX000726,xed,lkìtà,n,,,,,
LX000727,xed,lkùvák,n,,,,,
lm-,xed,lm-,v,,,,,
LX000728,xed,lmú,vn,LX000752,,,,
LX000729,xed,lmíhl,n,,,,,
LX000730,xed,lwá dzìdzí’w,n,,,,,
LX000731,xed,lwá jìjí’w,n,,,,,
LX000732,xed,lá,v.intr,,,,cannot be transitivised,"intransitif seulement, ne peut être transitivisé"
LX000733,xed,lá,gram,,,,,
LX000734,xed,làɓ,v unsp,,,,,
LX000735,xed,láblà,v,,,,,
LX000736,xed,lídzí,n,,,,,
LX000737,xed,láflà,v,,,,,
LX000738,xed,lá-gh-ú-lá,v,,,,,
LX000739,xed,là-gh-ù-là,v.tr,,,,,
LX000740,xed,"lághólá, lághwlá",v,,,,,
LX000741,xed,lèghúà,n,,,,,
LX000742,xed,là-gá-f-là,v,,,,,
LX000743,xed,là-gá-ghà-là,v,,,,,
LX000744,xed,lùgùtá ŋgùlùm,n,,,,,
LX000745,xed,líkà,n,,,,,
LX000746,xed,lèkól,n,,,,,
LX000747,xed,lùlú,n,,,,,
LX000748,xed,là-m-là,v,,,,,
LX000749,xed,lá-m-là,v,,,,,
LX000750,xed,lèmú,n,,,,,
LX000751,xed,lúmá,n,,,,,
LX000752,xed,lúmú,n,,,,,
LX000753,xed,lúmá bèrék,n,,,,,
LX000754,xed,lúmá ghwzú,n,,,,,
LX000755,xed,là-ná-f-là,v,,,,,
LX000756,xed,lítìk,n,,,,,
LX000757,xed,lává,v.intr,,,,,
LX000758,xed,lívíŋ,v,,,,,voir: 'lává'
LX000759,xed,lúwá,n,,,,,
LX000760,xed,lúwá,n,,,,,
LX000761,xed,láxà,n,,,,,
LX000762,xed,lázgláftà,n,,,,,
LX000763,xed,lúà,n,,,,,
LX000764,xed,"-lù, -lú",pron,LX000763,,,,
LX000765,xed,mbɗà,v,,,,,
LX000766,xed,mbɗàkú,vn,,,,,
LX000767,xed,mbɗìmkàlà,n,,,,,
LX000768,xed,mbgá,n,,,,,
LX000769,xed,mbgá klèr,n,,,,,
LX000770,xed,mblì,n,,,,,
LX000771,xed,mblàm,n,,,,,
LX000772,xed,mbrə́zánà,n,,,,,
LX000773,xed,mbrákú,n,,,,,
LX000774,xed,mbsá,v.tr,,,,,
LX000775,xed,mbwghù,n,,,,,
LX000776,xed,mbxà’w,n,,,,,
LX000777,xed,mbzà,v.intr/tr,,,,,
LX000778,xed,mbzàkú,vn,,,,,
LX000779,xed,mbà,v unsp,,,,,
LX000780,xed,mbí zìm,n,,,,,
LX000781,xed,mbìɓí,n,,,,,
LX000782,xed,mbàɗ,adv,,,,,
LX000783,xed,mbàɗá,n,,,,,
LX000784,xed,mbàɗá,v.intr,,,,"ungrammatical with direct or indirect object markers: *mbà?ìxá mbà?á for 'he walked for me', for making somebody walk around see the verb 'wáwà': take a walk","agrammatical avec les marqueurs d’objet direct ou indirect, *mbà?ìxá mbà?á pour 'il a marché pour mo' ou 'mbà?ànámbà?á' pour 'il l’a fait marcher', pour 'promener quelqu'un', voir le verbe 'wáwà':se promener"
LX000785,xed,mbéɗèw,n,,,,,
LX000786,xed,mbùghù,n,,,,,
LX000787,xed,mbím,adj,,,,,
LX000788,xed,mbàmbà,n,,,,,
LX000789,xed,mbítsá,np,LX000790,1,,,
LX000790,xed,mbítsá,v.intr,,2,,,
LX000791,xed,mbútì,n,,,,,
LX000792,xed,mbàzá,v.intr,,,,"takes cognate object, requires the third person singular object if a nominal object is added","prend l’objet cognat, exige l’objet de 3e personne singulier si on ajoute un objet nominal"
LX000793,xed,mbàzá,n,,,,,
LX000794,xed,mbízà,n,,,,,
LX000795,xed,mbùzàmbùzà,n,,,,"the powder causes intense itching of the skin, cannot be washed off with water alone","cette poudre provoque d’intenses démangeaisons, on ne peut s’en débarraser en se lavant simplement avec de l’eau"
LX000796,xed,mbù’á,v,,,,,
LX000797,xed,mə́dmə́ddày,n,,,,,
LX000798,xed,mghám,n,,,,,
LX000799,xed,mghámá gàhlá,n,,,,,
mitsika,xed,mitsika,n,,,,,
LX000800,xed,mkwì,n,,,,,
LX000801,xed,mndə̀r,n,,,,,
LX000802,xed,mndə̀rgà,n,,,,,
LX000803,xed,mndà,v unsp,,,,,
LX000804,xed,mndú,n,,,,,
LX000805,xed,mndèghí,n,,,,,
LX000806,xed,mndán,gram,,,,,
LX000807,xed,mndà-ná-f-mndà,v.tr,,,,,
LX000808,xed,mná,v,,,,with the extension f ‘up’ means ‘accuse’,"avec l’extension f “en haut”, signifie ‘accuser'"
LX000809,xed,mnák,n,,,,,
LX000810,xed,mnámnà,v,,,,,
LX000811,xed,mná-n-mnà,v,,,,,
LX000812,xed,mná-nà-ghá-mná,v,,,,,
LX000813,xed,msàk,num,,,,,
LX000814,xed,mtà,v.intr,,,,there is no reduplicated form without extensions,pas de forme rédupliquée sans extensions
LX000815,xed,mtá,adj,,,,,
LX000816,xed,mták,n,,,,,
LX000817,xed,mtàkú,n,,,,,
LX000818,xed,mtúmtà,v,,,,,
LX000819,xed,mtàrák,n,,,,,
LX000820,xed,má,n,,,,,
LX000821,xed,mà,prep,,,,,
LX000822,xed,mà,gram,,,,,
LX000823,xed,mì,n,,,,,
LX000824,xed,mù,prep,,,,,
LX000825,xed,mà,gram,,,,,
LX000826,xed,mà mú,adv,,,,,
LX000827,xed,má ndá,adv,,,,,
LX000828,xed,má pɗàkà,n,,,,,
LX000829,xed,má xdí xdí,n,,,,,
LX000830,xed,mà xúɗí,n,,,,,
LX000831,xed,máɓə̀hl,n,,,,,
LX000832,xed,máɓə́rgə̀də̀v,n,,,,,
LX000833,xed,máɓərgədvə,n,,,,,
LX000834,xed,mábá,n,,,,,
LX000835,xed,màdə̀mbə́zlà,n,,,,,
LX000836,xed,màdvà,n,,,,,
LX000837,xed,mídz-,n,,,,,
LX000838,xed,mádzə̀fdzə̀f,n,,,,,
LX000839,xed,mídzá,n,,,,,
LX000840,xed,mádzák,n,,,,,
LX000841,xed,mìdà,prep,,,,,
LX000842,xed,múdúbí,n,,,,,
LX000843,xed,màdùfágèɗ,n,,,,,
LX000844,xed,mídón,n,,,,,
LX000845,xed,màdúndì,n,,,,,
LX000846,xed,m`dáráyá,n,,,,,
LX000847,xed,mó-ghzú,np,,,,,
LX000848,xed,màgwyà,n,,,,,
LX000849,xed,màgzlə̀mbə́rə̀m,n,,,,,
LX000850,xed,mágá,v,,,,cannot be followed by a nominal object in the sense of producing something,ne peut être suivi d’un complément d’objet nominal dans le sens de ‘fabriquer quelque chose’
LX000851,xed,mágá súní,v,,,,,
LX000852,xed,mágá tá jàháŋgàl,v,,,,,
LX000853,xed,màgàsàr,n,,,,,
LX000854,xed,mágúyà,n,,,,,
LX000855,xed,mùgúzùr,n,,,,,
LX000856,xed,màhlə́mtsə̀k,n,,,,,
LX000857,xed,máhlkétéghwá,n,,,,,
LX000858,xed,máhlák,n,,,,,
LX000859,xed,màhlìví ndzà,n,,,,,
LX000860,xed,máhù,n,,,,,
LX000861,xed,mùhúl,n,,,,,
LX000862,xed,mòhàvá,np,,,,,
LX000863,xed,míjí,n,,,,vocative: form of address to one’s own or to somebody’s else mother in-law; possessive forms are formed with the root 'mídzá',terme d’addresse pour sa propre belle-mère ou pour celle de quelqu'un d’autre; les formes possessives sont formées sur la racine 'mídzá'
LX000864,xed,mákɗàkátándándán,n,,,,,
LX000865,xed,màkwlékwlè,n,,,,,
LX000866,xed,mákwà,n,,,,,
LX000867,xed,mákú,n,,,,,
LX000868,xed,mákùlékùlá,n,,,,,
LX000869,xed,mùkúmà,n,,,,,
LX000870,xed,mákárántá,n,,,,,
LX000871,xed,mùkú’,num,,,,,
LX000872,xed,màl,adj,,,,,
LX000873,xed,màlá,v unsp,,,,,
LX000874,xed,màlí,n,,,,,
LX000875,xed,málá,adj,,,,,
LX000876,xed,málá,n,,,,,
LX000877,xed,màlàghwmàlà,v,,,,,
LX000878,xed,mìndrímímì,n,,,,,
LX000879,xed,mìndrìmímì,n,,1,,,
LX000880,xed,mìndrìmímì,adj,,2,,,
LX000881,xed,mándá,adv,,,,,
LX000882,xed,múndùxwá,n,,,,,
LX000883,xed,mángá,adv,,,,,
LX000884,xed,màngà,n,,,,,
LX000885,xed,míntghà,n,,,,,
LX000886,xed,mántsá,adv,,,,,
LX000887,xed,mántsá má,gram,,,,,
LX000888,xed,mìnzìkw’,n,,,,,
LX000889,xed,mìnzíl,n,,,,,
LX000890,xed,màná,v,,,,,
LX000891,xed,màná,v,,,,,
LX000892,xed,mùpùxwà,n,,,,,
LX000893,xed,màrwà,n,,,,,
LX000894,xed,màrwàghàtálàkw,n,,,,,
LX000895,xed,màrá,v.intr,,,,,
LX000896,xed,màràkw,n,,,,,
LX000897,xed,màràkw tà dá kwàsáy’,n,,,,,
LX000898,xed,mìstí,n,,,,,
LX000899,xed,mì-stí,prep,,,,,
LX000900,xed,místík,n,,,,,
LX000901,xed,mìs-á-,prep,,,,,
LX000902,xed,másá,v,,,,,
LX000903,xed,másáɓì,n,,,,,
LX000904,xed,másá-f-másá,v,,,,,
LX000905,xed,más-ú-másá,v,,,,,
LX000906,xed,mìsí-mìsím,adj,,,,,
LX000907,xed,más-íŋ-másá,v,,,,,
LX000908,xed,mátrə́ghày,n,,,,,
LX000909,xed,màtrìɗíɗì,n,,,,,
LX000910,xed,mùtsá,v.tr,,,,reduplicated form without extensions is ungrammatical,les formes rédupliquées sans extensions sont agrammaticales
LX000911,xed,mìtsìtsì’ìà,n,,,,,
LX000912,xed,màtsàwtsàw,n,,,,,
LX000913,xed,mútá,n,,,,,
LX000914,xed,mátákám,n,,,,,
LX000915,xed,mútúlgús,n,,,,,
LX000916,xed,mìtítkwíɗ,n,,,,,
LX000917,xed,mátéwélwél,n,,,,,
LX000918,xed,mátéwézlwézl,n,,,,,
LX000919,xed,múvùs,n,,,,,
LX000920,xed,màxbá,n,,,,"at the end of a period of two or three years, if these animals had young ones, one gives one or two young ones to the person who raised them","au bout de deux ou trois ans, si ces animaux ont eu des petits, on en donne un ou deux à la personne qui les a élevés"
LX000921,xed,màxtsím,n,,,,,
LX000922,xed,múxtús,n,,,,,
LX000923,xed,máxàɗék,np,,,,,
LX000924,xed,mùxúl,n,,,,,
LX000925,xed,màxínàk,n,,,,,
LX000926,xed,máyá,n,,,,,
LX000927,xed,mázghúzghú,n,,,,,
LX000928,xed,màzlə̀mndáwày,n,,,,"Reputed to move forward and backward without turning. It is not killed even when it appears in the compound. Apparently, it is difficult to distinguish between its head and its tail",On dit qu’il peut avancer ou reculer sans se retourner. On ne le tue pas même si on le trouve à l’intérieur de la concession. Il est difficile d’en distinguer la tête de la queue
LX000929,xed,màá,v,,,,see 'mà mú' for negative existential,voir 'mà mú' pour l’existentiel négatif
LX000930,xed,mìíŋtghà,n,,,,,
LX000931,xed,mì’í,n,,,,"both singular 'màràkw' wife, woman, and plural mì’í ‘wives’ can be used with numerals larger than one, with the nominal plural marker '–xà' added the noun 'mì’í' doesn’t mean ‘wives’ anymore, but rather means ‘women’","le singulier màràkw ‘épouse, femme’ et le pluriel mì’í ‘épouses’ peuvent l’un et l’autre s’employer avec des numéraux supérieurs à un, si on ajoute la marque de pluriel '-xà', le nom 'mì’í' ne signifie plus ‘épouses’, mais plutôt ‘femmes"
LX000932,xed,mì’íxà tà dzáwá skwì,n,,,,,
LX000933,xed,ndɓá dzvú,v.tr,,,,,
LX000934,xed,ndə̀sàn,num,,,,,
LX000935,xed,ndfíŋ,n,,,,,
LX000936,xed,ndfáŋ,num,,,,,
LX000937,xed,ndghà,v.intr,,,,the subject is the vessel; in the transitive construction with 'ná' the object is the vessel,"le sujet est le récipient, dans la construction transitive avec 'ná' l’objet est le récipient"
LX000938,xed,ndghàkú,vn,,,,,
LX000939,xed,ndghánàfndghá,v,,,,,
LX000940,xed,ndgà,v.intr,,,,the reduplicated form of ndgà without extensions is ungrammatical,la forme rédupliquée sans extensions est agrammaticale
LX000941,xed,ndgàkú,n,,,,,
LX000942,xed,ndrá,v,,,,,
LX000943,xed,ndrú,vn,,,,,
LX000944,xed,ndrá-ghzú,np,,,,,
LX000945,xed,ndrá-ghá-ndrá,v,,,,,
LX000946,xed,ndsàŋ,num,,,,,
LX000947,xed,ndzɗá,n,,,,,
LX000948,xed,ndzɗà,v.intr,,,,,
LX000949,xed,ndzvà,v.tr,,,,,
LX000950,xed,ndzà,v.intr,,,,,
LX000951,xed,ndzéghwá,n,,,,,
LX000952,xed,ndzùgù,vn,,,,,
LX000953,xed,ndzàkú,vn,,,,,
LX000954,xed,ndzúm,n,,,,,
LX000955,xed,ndzáwá,n,,,,,
LX000956,xed,ndzàzlámà,n,,,,,
LX000957,xed,ndà,v.tr,,,,,
LX000958,xed,ndá,prep,,,,derives possessive predications,dérive les prédicats statifs
LX000959,xed,ndí,prep,,,,,
LX000960,xed,ndèghùvà,n,,,,,
LX000961,xed,ndígà,adv,,,,,
LX000962,xed,ŋɗàk,n,,,,,
LX000963,xed,ndálí,n,,,,,
LX000964,xed,ndándánà,adv,LX000967,,,,
LX000965,xed,ndàná,v.intr,,,,,
LX000966,xed,ndànú,n,,,,,
LX000967,xed,ndánáná,adv,LX000964,,,,
LX000968,xed,ndàná-p-ndàná,v,,,,,
LX000969,xed,ndírì,adj,,,,,
LX000970,xed,ndùrà,n,,,,,
LX000971,xed,ndús,adv,,,,,
LX000972,xed,ndùsá,adj,,,,,
LX000973,xed,ndùsá,v.intr,,,,,
LX000974,xed,ndùsá-ndùsá,adj,,,,,
LX000975,xed,ndì’ír,n,,,,,
LX000976,xed,ndá’árá,n,,,,,
LX000977,xed,nə̀,q,,,,,
LX000978,xed,ngə́rwák,n,,,,,
LX000979,xed,nghú,n,,,,,
LX000980,xed,nghá vlì,n,,,,,
LX000981,xed,nghá-f-nghá,v,,,,,
LX000982,xed,nghàkú,vn,,,,,
LX000983,xed,nglə́vghá,n,,,,,
LX000984,xed,nglá,v.tr,,,,,
LX000985,xed,nglú,v,,,,,
LX000986,xed,ngrá,adj,,,,,
LX000987,xed,ngwlíŋ,n,,,,,
LX000988,xed,ngwàɗàk,n,,,,,
LX000989,xed,ngwàhlàr,n,,,,,
LX000990,xed,ngwàlèghwèɗ,n,,,,,
LX000991,xed,ngwèrngwér,n,,,,,
LX000992,xed,ngà,v.tr,,,,,
LX000993,xed,ngá,gram,,,,,
LX000994,xed,ngá rgwá,np,,,,,
LX000995,xed,ngàbù,n,,,,,
LX000996,xed,ngúɗíts,n,,,,,
LX000997,xed,ngíghìm,n,,,,,
LX000998,xed,ngàhl ɗàfá,n,,,,,
LX000999,xed,ngálíbwá,n,,,,,
LX001000,xed,ŋgúlíkà,n,,,,,
LX001001,xed,ngùlúm,n,,,,,
LX001002,xed,ngàlàwáy’,n,,,,,
LX001003,xed,ngàmngám,n,,,,,
LX001004,xed,ngánglù,vn,,,,,
LX001005,xed,ngúrná,n,,,,,
LX001006,xed,ngúrzlùŋ,n,,,,,
LX001007,xed,ngàtsá,v.tr,,,,,
LX001008,xed,ngízlì,n,,,,,
LX001009,xed,ngì’í,v,,,,,
LX001010,xed,ngù’úál,n,,,,,
LX001011,xed,ŋká’,n,,,,,
LX001012,xed,nnghá,v.tr,,,,pl. 'nághá': voir ; not object directional,
LX001013,xed,ntfàŋ,n,,,,,
LX001014,xed,nzɗá,n,,,,,
LX001015,xed,nzéghwí,n,,,,,
LX001016,xed,nà,v,,,,,
LX001017,xed,ná,gram,,,,,
LX001018,xed,ná,dem,,,,,
LX001019,xed,nà,dem,,,,,
LX001020,xed,nù,vn,,,,,
LX001021,xed,ní,pron,,,,,
LX001022,xed,ŋùɗùf,n,,,,,
LX001023,xed,nághú,vn,,,,,
LX001024,xed,ŋúhlín,adj,,,,,
LX001025,xed,ním,n,,,,,
LX001026,xed,nímáy,n,,,,,
LX001027,xed,nánà,v.intr,,,,,
LX001028,xed,nìslá,n,,,,,
LX001029,xed,nàsàr,n,,,,,
LX001030,xed,nùtsá,n,,,,,
LX001031,xed,nìvì,n,,,,,
LX001032,xed,nàxáɗìk,n,,,,,
LX001033,xed,níà,q,,,,,
LX001034,xed,nú’wá,v.tr,,,,,
LX001035,xed,nù’ù,vn,,,,,
LX001036,xed,nù’à,v,,,,,
LX001037,xed,nìžéryà,n,,,,,
LX001038,xed,pɗú,n,,,,,
LX001039,xed,pɗà,v.intr,,,,,
LX001040,xed,pghə́-dá-ná-p-pghá,v,,,,,
LX001041,xed,pghà,v.tr,,,,,
LX001042,xed,pghù,n,,,,,
LX001043,xed,pghá,v.tr,,,,,
LX001044,xed,pghà-gá-f-pghà,v,,,,,
LX001045,xed,pghímpghà,v,,,,,
LX001046,xed,pghá-m-pghá,v,,,,,
LX001047,xed,pghá-ná-f-pghá,v,,,,,
LX001048,xed,pghá-ná-pghá,v,,,,,
LX001049,xed,pgh-ú-pghá,v,,,,,
LX001050,xed,pghá-vá-pghá,v,,,,,
LX001051,xed,phlú,vn,,,,,
LX001052,xed,phlá,v.tr,,,,,
LX001053,xed,plá,v.tr,,,,,
LX001054,xed,plìs,n,,,,,
LX001055,xed,prə́k,adj,,,,,
LX001056,xed,psá,v.tr,,,,,
LX001057,xed,psá skwì,v,,,,,
LX001058,xed,ptà,n,,,,,
LX001059,xed,pàɗú,n,,,,,
LX001060,xed,páká’w,n,,,,,
LX001061,xed,páká’wá ghúvì,n,,,,,
LX001062,xed,páká’wá ngùrzìkw,n,,,,,
LX001063,xed,pálà,n,,,,,
LX001064,xed,pálà tá dzù,n,,,,,
LX001065,xed,páplá,n,,,,,
LX001066,xed,púrkútú ndzúm,n,,,,,
LX001067,xed,pàtsá,n,,,,,
LX001068,xed,pìtsákw,n,,,,,
LX001069,xed,pàxú,n,,,,,
LX001070,xed,pàxá,v.tr,,,,The place of search cannot be the object of the verb,l’endroit où l’on cherche ne peut être l’objet du verbe
LX001071,xed,páyà,v.tr,,,,,
LX001072,xed,rɓìhl,n,,,,,
LX001073,xed,rɓìhl-rɓìhl,adj,,,,,
LX001074,xed,rdá,n,,,,,
LX001075,xed,rɗì,n,,,,,
LX001076,xed,rɗà mndú,n,,,,,
LX001077,xed,rdá plì,n,,,,,
LX001078,xed,rə́ŋgá’,adj,,,,,
LX001079,xed,rfú,n,,,,,
LX001080,xed,rfá,v.intr,,,,,
LX001081,xed,rgìtík,n,,,,,
LX001082,xed,rká,n,,,,,
LX001083,xed,rkè,gram,,,,,
LX001084,xed,rmbá,n,,,,,
LX001085,xed,rmbá tskáɗàk,n,,,,,
LX001086,xed,rmàk,n,,,,,
LX001087,xed,rná,v,,,,,
LX001088,xed,rnú,vn,,,,,
LX001089,xed,rvú,n,,,,,
LX001090,xed,rvíɗìk,n,,,,,
LX001091,xed,rvékú,n,,,,,
LX001092,xed,rvèrì,n,,,,,
LX001093,xed,rwá,v unsp,,,,,
LX001094,xed,rwákú,n,,,,,
LX001095,xed,rwákú,v,,,,,
LX001096,xed,rxá,adj,,,,,
LX001097,xed,rí,gram,,,,,
LX001098,xed,rà,gram,,,,,
LX001099,xed,ràkú,adj,,,,,
LX001100,xed,rínì,n,,,,,
LX001101,xed,ránákú,n,,,,,
LX001102,xed,ráxbú,n,,,,,
LX001103,xed,ráxbúá ngrá,n,,,,,
LX001104,xed,ráyá,v.tr,,,,,
LX001105,xed,ráyá,n,,,,,
LX001106,xed,ràzú,n,,,,,
LX001107,xed,ràzá,v,,,,,
LX001108,xed,sdúk,adv,,,,,
LX001109,xed,sɗúk,n,,,,,
LX001110,xed,sə̀rɗə́k,n,,,,,
LX001111,xed,sə́rkám,n,LX001507,,,,
LX001112,xed,sə́ská,v.tr,,,,,
LX001113,xed,sgá-nà-ghá-sgà,v,,,,,
LX001114,xed,shà,v unsp,,,,,
LX001115,xed,shàkú,n,,,,,
LX001116,xed,skwì,n,,,,,
LX001117,xed,skwá,v.tr,,,,,
LX001118,xed,skwá zwàŋ,n,,,,,
LX001119,xed,skwázwàŋ,n,,,,,
LX001120,xed,skù tùrtúk,n,,,,,
LX001121,xed,skú zwàn,n,LX001118,,,,
LX001122,xed,skálú,n,,,,,
LX001123,xed,skálá,v unsp,,,,,
LX001124,xed,slá,n,,,,,
LX001125,xed,slùxá,adj,,,,,
LX001126,xed,sngà,v.tr,,,,,
LX001127,xed,snà,v.intr,,,,"non obj-directional (non orienté vers l’objet) ; without the object marker 'n', even with a nominal object, the verb is subject directional","sans le marqueur d’objet 'n', même en présence d’un objet nominal, le verbe est orienté vers le sujet"
LX001128,xed,snà-snà,v,,,,,
LX001129,xed,spá,v.tr,,,,reduplicated form without extensions is ungrammatical,la forme rédupliquée sans extensions est agrammaticale
LX001130,xed,stí,n,,,,,
LX001131,xed,stíx,n,,1,,,
LX001132,xed,stíx,adj,,2,,,
LX001133,xed,swíɗ,n,,,,"content of the stomach is often used by seers, the juice of the stomach is used to make sauce 'màtsàwtsàw'","souvent employé par les devins, le liquide présent dans la panse sert à faire une sauce 'màtsàwtsàw'"
LX001134,xed,swák,n,,,,,
LX001135,xed,swáxì,n,,,,,
LX001136,xed,sà,v,,,,,
LX001137,xed,sí,gram,,,,,
LX001138,xed,sá,v,,,,,
LX001139,xed,sù,v,,,,,
LX001140,xed,sìɓlíkwà,n,,,,,
LX001141,xed,sìdí,n,,,,,
LX001142,xed,súɗà,v.intr,,,,,
LX001143,xed,sá-f-sà,v,,,,,
LX001144,xed,sìfí,n,,,,,
LX001145,xed,sáfá,n,,,,,
LX001146,xed,sáfà vzlàzláŋ,n,,,,,
LX001147,xed,sìfìtík,n,,,,,
LX001148,xed,sá-gh-w-sá,v,,,,,
LX001149,xed,sá-gh-wá-sá,v,,,,,
LX001150,xed,sà-gh-wá-sà,v,,,,,
LX001151,xed,sá-ghà-sá,v,,,,,
LX001152,xed,sà-ghá-sà,v,,,,,
LX001153,xed,sígà,n,,,,,
LX001154,xed,sà-gá-ghà-sà,v,,,,,
LX001155,xed,sìkú,vn,,,,,
LX001156,xed,sà-kú,vn,,,,,
LX001157,xed,súkùr,n,,,,,
LX001158,xed,sùlkúm,n,,,,,
LX001159,xed,súlá,v,,,,,
LX001160,xed,sílìk,n,,,,,
LX001161,xed,sùlám,n,,,,,
LX001162,xed,sá-m-sà,v,,,,,
LX001163,xed,símì,n,,,,they grow in the ponds in the mountains around Tourou,pousse dans les mares des montagnes qui entourent Tourou
LX001164,xed,sùmà hlà,n,,,,,
LX001165,xed,súŋ,other,,,,,
LX001166,xed,sínglàk,n,,,,,
LX001167,xed,sìngúlímì,n,,,,,
LX001168,xed,súŋkùr,n,,,,,
LX001169,xed,s-ín-sà,v,LX001136,,,,
LX001170,xed,s-ú-n-sà,v,,,,,
LX001171,xed,sánì,other,,,,,
LX001172,xed,súŋà,other,,,,,
LX001173,xed,sán-à mndú,n,,,,,
LX001174,xed,sán-à màràkw,n,,,,,
LX001175,xed,sán-à skwí,n,,,,,
LX001176,xed,sà-ná-ghá-sà,v,,,,,
LX001177,xed,sà-p-sà,v.tr,,,,,
LX001178,xed,sárák,n,,,,,
LX001179,xed,s-ù-sà,v,,,,,
LX001180,xed,sá-sà,v,,,,,
LX001181,xed,sìsínà,n,,,,,
LX001182,xed,sàwí,v,,,,,
LX001183,xed,sáwárà,n,,,,,
LX001184,xed,sà-wá-sà,v,,,,,
LX001185,xed,sá-wà-sá,v,,,,,
LX001186,xed,sú’wít,n,,,,,
LX001187,xed,sá’à,n,,,,,
LX001188,xed,tɓán,n,,,,,
LX001189,xed,tɗà,v,,,,,
LX001190,xed,tɗík,adj,,,,"about space outside and in only, shade, not about color","espace extérieur ou intérieur, ombre, ne se dit pas d’une couleur"
LX001191,xed,tɗúkwà,adj,,,,,
LX001192,xed,tɗíŋtɗà,v,,,,,
LX001193,xed,tɗ-ú-tɗà,v,,,,,
LX001194,xed,tɗátɗà,v.tr,,,,,
LX001195,xed,tə̀m,n,,,,,
LX001196,xed,tə̀mbáy,num,,,,,
LX001197,xed,tə̀mbáy,num,,,,,
LX001198,xed,tə́ŋ,adj,,,,,
LX001199,xed,tə́rtséné’,adj,,,,,
LX001200,xed,tə́rzékw,adj,,,,,
LX001201,xed,tfá,v.tr,,,,,
LX001202,xed,tghà,n,,,,,
LX001203,xed,tghás,num,,,,,
LX001204,xed,trə̀tsàtsá,n,,,,,
LX001205,xed,tsɗá,v.tr,,,,,
LX001206,xed,tsɗém,adj,,,,,
LX001207,xed,tsə́lɓú,n,,,,,
LX001208,xed,tsə́lɓá,v.intr,,,,,
LX001209,xed,tsə́mə́k,n,,,,,
LX001210,xed,tsə̀rhlá,n,,,,,
LX001211,xed,tsghá,v.tr,,,,,
LX001212,xed,tshà,n,,,,,
LX001213,xed,tshá,v,,,,,
LX001214,xed,tskú,vn,,,,,
LX001215,xed,tská,v.tr,,,,,
LX001216,xed,tskáɗàk,n,,,,,
LX001217,xed,tsxwál,n,,,,,
LX001218,xed,tsxwálá mbxwálì,n,,,,,
LX001219,xed,tsxwálá má fkálú fká,n,,,,,
LX001220,xed,ts-ù,v,,,,,
LX001221,xed,tsà,v.tr,,,,,
LX001222,xed,tsá,dem,,,,,
LX001223,xed,tsá,v.tr,,,,,
LX001224,xed,tsí,pron,,,,,
LX001225,xed,tsùɓá,v.tr,,,,,
LX001226,xed,tsìɗí,n,,,,,
LX001227,xed,tsìɗà,v.intr,,,,cannot be transitivized,"intransitif seulement, ne peut être transitivisé"
LX001228,xed,tsùɗáy,n,,,,,
LX001229,xed,tsúfá,n,,,,,
LX001230,xed,tsùghwbùr,n,,,,,
LX001231,xed,tsághá,v,,,,,
LX001232,xed,tsàhlá,v.tr,,,,,
LX001233,xed,tsíhlà,v.tr,,,,,
LX001234,xed,tsúhà,v.intr,,,,,
LX001235,xed,tsúkwá,v.tr,,,,,
LX001236,xed,tsákálá,v.tr,,,,,
LX001237,xed,tsál,v.intr,,,,,
LX001238,xed,tsímá,n,,,,,
LX001239,xed,tsínìk,n,,,,,
LX001240,xed,tsà-ná-ptsà,v,,,,,
LX001241,xed,tsírá,v.intr,,,,the only object allowed is cognate object,le seul objet admis est l’objet cognat
LX001242,xed,tsírá-kú,n,,,,,
LX001243,xed,tsítsí,n,,,,,
LX001244,xed,tsátsú,n,,,,,
LX001245,xed,tsítsí ɗíf,n,,,,,
LX001246,xed,tsítsá ghùbùgúm,n,,,,,
LX001247,xed,tsítsí ghǝ́ŋ,n,,,,,
LX001248,xed,tsítsá lgút,n,,,,,
LX001249,xed,tsùtsúrì,n,,,,,
LX001250,xed,tséxwér,n,,,,,
LX001251,xed,tsù’wà,v.tr,,,,,
LX001252,xed,tsú’úáŋ,n,,,,,
LX001253,xed,tví,n,,,,,
LX001254,xed,twɗúk,adj,,,,,
LX001255,xed,twàk,n,,,,,
LX001256,xed,txá,v,,,,,
LX001257,xed,txà,v.tr,,,,,
LX001258,xed,txùrúm,n,,,,,
LX001259,xed,tì,prep,,,,,
LX001260,xed,tò,adj,,,,,
LX001261,xed,tá,v.tr,,,,,
LX001262,xed,tà,prep,,,,,
LX001263,xed,tà,gram,,,,,
LX001264,xed,tá,gram,,,,,
LX001265,xed,tà,v unsp,,,,,
LX001266,xed,tà,gram,,,,,
LX001267,xed,-tá,gram,,,,,
LX001268,xed,tà sìdí,prep phrase,,,,,
LX001269,xed,táɓ,adv,,,,,
LX001270,xed,tàbú,n,,,,,
LX001271,xed,tàbí,prep,,,,,
LX001272,xed,tàbà,n,,,,,
LX001273,xed,tìdà,prep,,,,,
LX001274,xed,táɗá,np,,,,,
LX001275,xed,tǝ̀ɗà,v.tr,,,,,
LX001276,xed,tà-dá-tà,v,,,,,
LX001277,xed,téekw or tékw,num,,,,,
LX001278,xed,tàfàlá,n,,,,,
LX001279,xed,tùghwbà,n,,,,,
LX001280,xed,tùghwá,n,,,,,
LX001281,xed,tùghwázàk,n,,,,,
LX001282,xed,tághá,v.tr,,,,,
LX001283,xed,tégwérì,n,,,,,
LX001284,xed,tà-gá-ghà-tà,v,,,,,
LX001285,xed,túk,n,,,,,
LX001286,xed,túkwá,n,,,,,
LX001287,xed,tákà,adv,,,,,
LX001288,xed,tékúlémés,ideo,,,,,
LX001289,xed,tákázák,n,,,,,
LX001290,xed,tàlá,v.tr,,,,,
LX001291,xed,tálálóŋ,n,LX000443,,,,
LX001292,xed,tìm,n,,,,,
LX001293,xed,túmbúr,adj,,,,,
LX001294,xed,témbér,quant,,,,,
LX001295,xed,tàmbàr,adj,,,,,
LX001296,xed,túmbùrá kwá,n,,,,,
LX001297,xed,tùmbùzlá,adj,,,,,
LX001298,xed,tàmá,adv,,,,,
LX001299,xed,tán,adv,,,,,
LX001300,xed,tán,pron,,,,,
LX001301,xed,tàn,pron,,,,,
LX001302,xed,tán tán,pron,,,,,
LX001303,xed,tíngə̀l,adv,,,,,
LX001304,xed,tíngìl,adj,,,,,
LX001305,xed,tíntà,v,,,,,
LX001306,xed,tántán,adv,,,,,
LX001307,xed,tàŋwàlà ghúvì,n,,,,,
LX001308,xed,tá-ná-f-tà,v.tr,,,,,
LX001309,xed,tá-p-tà,v,,,,,
LX001310,xed,tápá,v.intr,,,,,
LX001311,xed,tùrtúkw,num,,,,,
LX001312,xed,tùsájì,n,,,,,
LX001313,xed,t-ù-tà,v,LX001266,,,,
LX001314,xed,tátà,v,,,,,
LX001315,xed,títí’w,n,,,,,
LX001316,xed,táw,n,,,,,
LX001317,xed,táwá,v.intr,,,,,
LX001318,xed,táwá,v.intr,,,,,
LX001319,xed,táwà,v.intr,,,,not object-directional,n’est pas orienté vers l’objet
LX001320,xed,táwákrì,n,,,,,
LX001321,xed,tàxá,v,,,,the complement is a verb or a verbal noun,le complément est un verbe ou un nom verbal
LX001322,xed,tíytíy,n,,,,,
LX001323,xed,vdzí,n,,,,,
LX001324,xed,vɗú,n,,,,,
LX001325,xed,vɗá mbátú,n,,,,,
LX001326,xed,vghá,n,,,,,
LX001327,xed,vgìr,n,,,,,
LX001328,xed,vlá,v.tr,,,,the thing given is marked by the preposition 'tá',l’objet donné est marqué par la préposition 'tá'
LX001329,xed,vlá,v,,,,,
LX001330,xed,vlì,n,,,,,
LX001331,xed,vlá-n-vlá,v,,,,,
LX001332,xed,vlìŋà,n,,,,,
LX001333,xed,vlá-ná-ghá-vlá,v,,,,,
LX001334,xed,vl-í-vlà,v,,,,,
LX001335,xed,vlá-vlà,v,,,,,
LX001336,xed,vníxí,n,,,,,
LX001337,xed,vníxá,v,,,,,
LX001338,xed,vrá,v.intr,,,,,
LX001339,xed,vvìrndízlìkw,n,,,,,
LX001340,xed,vwàx,n,,,,,
LX001341,xed,vzə̀k,n,,,,,
LX001342,xed,vzlàzláŋ,n,,,,,
LX001343,xed,vzá,v,,,,,
LX001344,xed,vzá mándàzl,n,,,,,
LX001345,xed,vzá-f-vzá,v,,,,,
LX001346,xed,vzákà,n,,,,,
LX001347,xed,vzá-ná-ghá-vzá,v,,,,,
LX001348,xed,vú,n,,,,,
LX001349,xed,và,v.intr,,,,,
LX001350,xed,víɗím,n,,,,,
LX001351,xed,vàghú,n,,,,,
LX001352,xed,vàghà,v.intr,,,,,
LX001353,xed,vágwám,n,,,,,
LX001354,xed,víkvík,n,,,,,
LX001355,xed,vàkú,n,,,,,
LX001356,xed,vàlú,vn,,,,,
LX001357,xed,vàlà,v unsp,,,,,
LX001358,xed,vàlà-dá-vàlà,v,,,,,
LX001359,xed,vàlá-f-vàlá,v,,,,,
LX001360,xed,vàlá-ghw-vàlá,v,,,,,
LX001361,xed,vàlá-ghá-vàlá,v,,,,,
LX001362,xed,vàlá-gá-ghà-vàlà,v,,,,,
LX001363,xed,vàlà-gá-vàlà,v,,,,,
LX001364,xed,vàlà-k-vàlà,v,,,,,
LX001365,xed,vàlìkèrà,n,,,,,
LX001366,xed,vàlá-m-vàlá,v,,,,,
LX001367,xed,vàl-ín-vàlá,v,,,,,
LX001368,xed,vàlàŋwá,n,,,,,
LX001369,xed,vàlá-p-vàlá,v,,,,,
LX001370,xed,và-m-và,v.tr,,,,,
LX001371,xed,v-ín-và,v,,,,,
LX001372,xed,vànzíxà,n,,,,,
LX001373,xed,vànzíxà dígìr,n,,,,,
LX001374,xed,vàrà,n,,,,,
LX001375,xed,vàrà dvá,n,,,,,
LX001376,xed,vùs,n,,,,,
LX001377,xed,vávù,v,,,,,
LX001378,xed,vàvàlàkú,v,,,,,
LX001379,xed,vìvìxá,n,,,,,
LX001380,xed,vúvù’úkw,adj,,,,,
LX001381,xed,víxà,v.tr,,,,,
LX001382,xed,víxá’w,n,,,,,
LX001383,xed,vàzák,n,,,,,
LX001384,xed,wlìlík,n,,,,,
LX001385,xed,wlíwá,n,,,,,
LX001386,xed,wrə́k,n,,,,,
LX001387,xed,wù,v.tr,,,,,
LX001388,xed,wú,gram,,,,,
LX001389,xed,wù,gram,,,,,
LX001390,xed,wì,n,,,,,
LX001391,xed,wá,q,,,,,
LX001392,xed,wá,q,,,,,
LX001393,xed,wà,gram,,,,,
LX001394,xed,wà,v.intr,,,,,
LX001395,xed,wà tí,q,,,,,
LX001396,xed,wà á,dem,,,,,
LX001397,xed,wùbú,n,,,,,
LX001398,xed,wùbìsím,n,,,,,
LX001399,xed,wùdá,v,,,,,
LX001400,xed,wùdá,n,,,,,
LX001401,xed,wùdà,n,,,,,
LX001402,xed,wùdà,n,,,,,
LX001403,xed,wùɗà,v,,,,,
LX001404,xed,wùɗà,v.tr,,,,,
LX001405,xed,wúɗá,v,,,,,
LX001406,xed,wùɗà,n,,,,,
LX001407,xed,wùdà zúɗúm,n,,,,,
LX001408,xed,wùdà-ná-f-wùdà,v,,,,,
LX001409,xed,wígì-ŋ,v,,,,,
LX001410,xed,wìrák,n,,,,,
LX001411,xed,wìtghà,n,,,,,
LX001412,xed,wàtú,adv,,,,,
LX001413,xed,wúták,n,,,,,
LX001414,xed,wáwà-kú-,n,,,,,
LX001415,xed,wàxpálù,n,,,,,
LX001416,xed,wíxà,v,,,,,
LX001417,xed,wàxú,n,,,,,
LX001418,xed,wàxá,v.intr,,,,,
LX001419,xed,wáxà,v,,,,,
LX001420,xed,wúyá,v.tr,,,,,
LX001421,xed,wúyá,adv,,,,,
LX001422,xed,wíyà,other,,,,,
LX001423,xed,wízwíz,vn,,,,,
LX001424,xed,xɓùzá,adj,,,,,
LX001425,xed,xdə́r,n,,,,,
LX001426,xed,xdə́rá ngrá,n,,,,,
LX001427,xed,xdzá,v,,,,,
LX001428,xed,xdí,n,,,,,
LX001429,xed,xə̀n,pron,,,,,
LX001430,xed,xə̀rfá,n,,,,,
LX001431,xed,xgà,n,,,,,
LX001432,xed,xgá,n,,,,,
LX001433,xed,xgà,v.tr,,,,,
LX001434,xed,xkán,num,,,,,
LX001435,xed,xkán msàk,num,,,,,
LX001436,xed,xlə́,vn,,,,,
LX001437,xed,xlá,v,,,,,
LX001438,xed,xlìbá,n,,,,,
LX001439,xed,xná,v,,,,,
LX001440,xed,xpú,n,,,,,
LX001441,xed,xpàɗá,v.tr,,,,,
LX001442,xed,xpèkwà,n,,,,,
LX001443,xed,xrfá,v unsp,,,,,
LX001444,xed,xtsíŋ,n,,,,,
LX001445,xed,xvá-f-xvá,v,,,,,
LX001446,xed,xv-ú-n-xvá,v.tr,,,,,
LX001447,xed,xv-ú-xvá,v,,,,,
LX001448,xed,xwɗí,n,,,,,
LX001449,xed,xwátà,n,,1,,,
LX001450,xed,xwátà,adj,,2,,,
LX001451,xed,xwáyá,v.intr,,,,,
LX001452,xed,xwáy-áy,v,,,,,
LX001453,xed,xwàzlá,n,,,,,
LX001454,xed,xyá ghàzlǝ́rkà,n,,,,,
LX001455,xed,xá,adv,,,,,
LX001456,xed,-xà,gram,,,,,
LX001457,xed,xábá,v.tr.pl,,,,xba: attach a single thing,
LX001458,xed,xàɗ,gram,,,,,
LX001459,xed,xàd nà,adv,,,,,
LX001460,xed,xàd yá,adv,,,,,
LX001461,xed,xìdzán,n,,,,,
LX001462,xed,xàdà,adv,,,,,
LX001463,xed,xúɗí,n,,,,,
LX001464,xed,xàɗú,n,,,,,
LX001465,xed,xàɗú,gram,,,,,
LX001466,xed,xíɗá,v.intr,,,,,
LX001467,xed,xíɗá,n,,,,xí?ákù: sagesse,
LX001468,xed,xàdà á,adv,,,,,
LX001469,xed,xàɗík,n,,,,,
LX001470,xed,xíɗá-kw,vn,,,,,
LX001471,xed,xíɗáxíɗá,n,,,,,
LX001472,xed,xúfákú,n,,,,,
LX001473,xed,xàghú,n,,,,,
LX001474,xed,xékì,n,,,,,
LX001475,xed,xúl,n,,,,,
LX001476,xed,xìlbá,n,,,,,
LX001477,xed,xàlálày,n,,,,,
LX001478,xed,xùlámá ghzù,n,,,,,
LX001479,xed,xùlámá mbxwálì,n,,,,,
LX001480,xed,xùlámá skú,n,,,,,
LX001481,xed,xùlépété’,adj,,,,,
LX001482,xed,xáláwáy,adj,,,,,
LX001483,xed,xúl’úá,n,,,,,
LX001484,xed,xúl’úá tá krì,n,,,,,
LX001485,xed,xàná,v.intr,,,,,
LX001486,xed,xànà,v,,,,,
LX001487,xed,xàní,n,,,,,
LX001488,xed,xáná,v.tr.pl,,,,,
LX001489,xed,xànà-xànà,v.intr,,,,,
LX001490,xed,xùrfí,n,,,,,
LX001491,xed,xùrgú,n,,,,,
LX001492,xed,xúrndzá,v.tr,,,,,
LX001493,xed,xìs,num,,,,,
LX001494,xed,xìs sàmsàk,num,,,,,
LX001495,xed,xìs sàmsàk ndéŋ,num,,,,,
LX001496,xed,xìsà msàk,num,,,,,
LX001497,xed,xàsú’ù,n,,,,,
LX001498,xed,xútá,n,,,,,
LX001499,xed,xùtá vdà,n,,,,,
LX001500,xed,xùtáf,num,,,,,
LX001501,xed,xùtáŋ,n,,,,,
LX001502,xed,xàvá,v.tr,,,,,
LX001503,xed,xúxúr,v.tr,,,,,
LX001504,xed,xìyá,n,,,,,
LX001505,xed,xìyá-xìyá,n,,,,,
LX001506,xed,xìzl,n,,,,,
LX001507,xed,xùzlà,n,,,,,
LX001508,xed,xú’wá,v.tr,,,,,
LX001509,xed,xú’ú,v.tr,,,,,
LX001510,xed,xú’ú,vn,,,,,
LX001511,xed,xí’ídí,n,,,,,
LX001512,xed,xí’ídá,v.tr,,,,,
LX001513,xed,xì’íá mùnzùfí,n,,,,,
LX001514,xed,xì’íá páká’w,n,,,,,
LX001515,xed,yyàw,other,,,,,
LX001516,xed,yà,gram,,,,,
LX001517,xed,yá,dem,,,,,
LX001518,xed,yà,v.tr,,,,,
LX001519,xed,yíɓə̀r,n,,,,,
LX001520,xed,yídá’w,n,,,,,
LX001521,xed,yàghá,gram,,,,,
LX001522,xed,yàghá,v,,,,,
LX001523,xed,yàghí,adj,,,,,
LX001524,xed,yàghí,n,,,,,
LX001525,xed,yà-m-yà,v,,,,,
LX001526,xed,yà-n-f-yà,v,,,,,
LX001527,xed,yà-ná-ghù-yà,v,,,,,
LX001528,xed,yà-ná-yà,v,,,,,
LX001529,xed,yìvá,v,,,,,
LX001530,xed,yàwú,adv,,,,,
LX001531,xed,yáwì,n,,,,,
LX001532,xed,yáwà,adj,,,,,
LX001533,xed,y-ù-yà,v,,,,,
LX001534,xed,yà-yà,v.tr,,,,,
LX001535,xed,zbà,v,,,,,
LX001536,xed,zɓá,v,,,,,
LX001537,xed,zɗá,adj,,,,,
LX001538,xed,zɗá vghání,v,,,,,
LX001539,xed,zə́-gl-z-í,v,,,,,
LX001540,xed,zə́gláftà,n,,,,,
LX001541,xed,zə́m,n,,,,,
LX001542,xed,zgwánà,n,LX001545,,,,
LX001543,xed,zgì,n,,,,,
LX001544,xed,zgú,n,,,,,
LX001545,xed,zgún,n,,,,pl. zgwánà,
LX001546,xed,zldrá,v,,,,,
LX001547,xed,zlə̀mbà,v unsp,,,,,
LX001548,xed,zlə̀mbàkú,vn,,,,,
LX001549,xed,zlə́ŋ,n,,,,,
LX001550,xed,zlə̀rdzí,n,,,,,
LX001551,xed,zlghà,v,,,,,
LX001552,xed,zlgháwì,n,,,,,
LX001553,xed,zlmbùx,n,,,,,
LX001554,xed,zlrá,v,,,,,
LX001555,xed,zlrá,v.tr,,,,takes liquid as object and not the container,prend pour objet le liquide et pas le récipient
LX001556,xed,zlrá-f-,v,,,,,
LX001557,xed,zlrímì,n,,,,,
LX001558,xed,zlá,v,,,,,
LX001559,xed,zlíbí,n,,,,,
LX001560,xed,zlàɓà,n,,,,,
LX001561,xed,zlàgú,n,,,,,
LX001562,xed,zlìgàmà,n,,,,,
LX001563,xed,zlámbák,n,,,,,
LX001564,xed,zlàmbàkàtàghə̀rzlá,n,,,,,
LX001565,xed,zlùngùts,n,,,,,
LX001566,xed,zlàŋwáɗàk,n,,,,,
LX001567,xed,zlàràvú,n,,,,,
LX001568,xed,zlàvák,n,,,,,
LX001569,xed,zlèwét,n,,,,,
LX001570,xed,zláx,adv,,,,,
LX001571,xed,zlíxà,n,,,,,
LX001572,xed,zláxú,n,,,,,
LX001573,xed,zláxákú,vn,,,,,
LX001574,xed,zlày,v,,,,,
LX001575,xed,zlày,prep,,,,,
LX001576,xed,zlày,adv,,,,,
LX001577,xed,zlày,gram,,,,,
LX001578,xed,zlìzlám,n,,,,,
LX001579,xed,zlízlàr,n,,,,,
LX001580,xed,zlú’ú,vn,,,,,
LX001581,xed,zváxw,n,,,,,
LX001582,xed,zwán,n,,,,,
LX001583,xed,zwáŋ gláf-glù,n,,,,,
LX001584,xed,zwán-ì,n,,,,,
LX001585,xed,zú,vn,,,,,
LX001586,xed,zà,v.intr,,,,,
LX001587,xed,zá,v.tr,,,,,
LX001588,xed,zá mndú,v,,,,,
LX001589,xed,zídìkw,n,,,,,
LX001590,xed,zúɗúm,n,,,,,
LX001591,xed,zà-dá-zà,v,,,,,
LX001592,xed,zíghwɗìkw,n,,,,,
LX001593,xed,zàghwál,n,,,,,
LX001594,xed,zá-ghá-zá,v,,,,,
LX001595,xed,zà-gá-f-zà,v,,,,,
LX001596,xed,zà-gá-ghà-zà,v,,,,,
LX001597,xed,zéhwí,n,,,,,
LX001598,xed,zák zák,n,,,,,
LX001599,xed,zà-k-zà,v,,,,,
LX001600,xed,zálá,n,,,,,
LX001601,xed,zálám,n,,,,,
LX001602,xed,zàmblákà,n,,,,,
LX001603,xed,zàmbá,n,,,,,
LX001604,xed,zàmànà,n,,,,,
LX001605,xed,zíndíŋ,n,,,,,
LX001606,xed,zíngá,n,,,,,
LX001607,xed,zàŋwá,n,,,,,
LX001608,xed,z-íŋ-zà,v,,,,,
LX001609,xed,zènzéŋ,n,,,,,
LX001610,xed,zèŋ-zèŋ,n,,,,,
LX001611,xed,zà-ná-ghá-zá,v,,,,,
LX001612,xed,zìnàk,n,,,,,
LX001613,xed,zà-ná-p-zà,v,,,,,
LX001614,xed,zá-p-zà,v,,,,,
LX001615,xed,zà-p-zà,v,,,,,
LX001616,xed,zívr,n,,,,,
LX001617,xed,závzává,n,,,,,
LX001618,xed,zává,n,,,,,
LX001619,xed,zává tá ksú tá jvú,v,,,,,
LX001620,xed,zává tá màlízà,n,,,,,
LX001621,xed,zàváɗ,n,,,,,
LX001622,xed,zívàk,n,,,,,
LX001623,xed,zìwàzìwà,n,,,,,
LX001624,xed,zìí,v,,,,,
LX001625,xed,zì’yá,v.tr,,,,,
LX001626,xed,zù’ú,n,,,,,
LX001627,xed,-ì,gram,,,,,
LX001628,xed,-í,pron,,,,,
LX001629,xed,-í,gram,,,,,
LX001630,xed,á,pron,,,,,
LX001631,xed,à,pron,,,,,
LX001632,xed,á,dem,,,,,
LX001634,xed,à,interj,,,,,
LX001635,xed,à,gram,,,,,
LX001636,xed,ì,dem,,,,,
LX001637,xed,ó,interj,,,,,
LX001638,xed,ì,gram,,,,,
LX001639,xed,á dúŋà,adv,,,,,
LX001640,xed,ùbú,n,,,,,
LX001641,xed,ùdzú,n,,,,,
LX001642,xed,ùdà tímì,n,,,,,
LX001643,xed,ìmí,n,,,,,
LX001644,xed,àmá,conj,,,,,
LX001645,xed,índà,quant,,,,,
LX001646,xed,íŋnì,pron,,,,,
LX001647,xed,ìná,adj,,,,,
LX001648,xed,ìnàkú,vn,,,,,
LX001649,xed,ùrná,n,,,,,
LX001650,xed,ùrná ghwàndàlá,n,,,,,
LX001651,xed,ùrná kúkù,n,,,,,
LX001652,xed,ùrná tá xdí,n,,,,,
LX001653,xed,àrí,conj,,,,,
LX001654,xed,ìrí,n,,,,,
LX001655,xed,ús,n,,,,,
LX001656,xed,àsé,subord,,,,,
LX001657,xed,ùvá,n,,,,,
LX001658,xed,ƒwáɗ,num,,,,,
LX001659,xed,ƒwáɗ msàk,num,,,,,
LX001660,xed,-áy,gram,,,,"verb with this marker is one of the citation forms of the verb, for most verbs, the form with the marker 'ay' is not represented, as this marker can be added to any verb","La forme verbale marquée ainsi constitue l’une des formes de citation du verbe, pour la plupart des verbes, nous ne donnons pas la forme avec le marqueur 'ay', puisqu’il peut être ajouté à n’importe lequel"
LX001661,xed,’-á,pron,,,,,
LX001662,xed,’á,pron,,,,,
LX001663,xed,íí,pron,,,,,
LX001664,xed,‘á,pron,,,,,
LX001665,xed,ù’wà,n,,,,,
LX001666,xed,ú’wáhlà,n,,,,,
LX001667,xed,ú’wáhlá,n,,,,,
LX001668,xed,ù’à ghàdìgír,n,,,,,
LX001669,xed,ú’áhlà,n,,,,,
LX001670,xed,ú’úáy,n,,,,,
